{
  "project_info": {
    "project_number": "463484038729",
    "firebase_url": "https://tukenya-e92f7.firebaseio.com",
    "project_id": "tukenya-e92f7",
    "storage_bucket": "tukenya-e92f7.appspot.com"
  },
  "client": [
    {
      "client_info": {
        "mobilesdk_app_id": "1:463484038729:android:e050412ef63563e334d998",
        "android_client_info": {
          "package_name": "com.patrickarungari.tukenyahub"
        }
      },
      "oauth_client": [
        {
          "client_id": "463484038729-mns4dds5l329pem3qii8n5g0qfh5d03v.apps.googleusercontent.com",
          "client_type": 1,
          "android_info": {
            "package_name": "com.patrickarungari.tukenyahub",
            "certificate_hash": "421eb7bd871581310ef74096b059e3cfc919488f"
          }
        },
        {
          "client_id": "463484038729-81nhej3s2mujmkfcgqkdv0fm10mgl7k0.apps.googleusercontent.com",
          "client_type": 3
        }
      ],
      "api_key": [
        {
          "current_key": "AIzaSyBqPJb8rdnn4QVPOnKvYMxp3DrPNHOcUGI"
        }
      ],
      "services": {
        "appinvite_service": {
          "other_platform_oauth_client": [
            {
              "client_id": "463484038729-81nhej3s2mujmkfcgqkdv0fm10mgl7k0.apps.googleusercontent.com",
              "client_type": 3
            }
          ]
        }
      }
    }
  ],
  "configuration_version": "1"
}