{
  "indexes": [
    {
      "collectionGroup": "conversations",
      "queryScope": "COLLECTION",
      "fields": [
        {
          "fieldPath": "support_status",
          "order": "ASCENDING"
        },
        {
          "fieldPath": "timestamp",
          "order": "DESCENDING"
        }
      ]
    },
    {
      "collectionGroup": "messages",
      "queryScope": "COLLECTION",
      "fields": [
        {
          "fieldPath": "recipient",
          "order": "ASCENDING"
        },
        {
          "fieldPath": "timestamp",
          "order": "ASCENDING"
        }
      ]
    },
    {
      "collectionGroup": "conversations",
      "queryScope": "COLLECTION",
      "fields": [
        {
          "fieldPath": "projectid",
          "order": "ASCENDING"
        },
        {
          "fieldPath": "support_status",
          "order": "ASCENDING"
        },
        {
          "fieldPath": "created_on",
          "order": "DESCENDING"
        }
      ]
    },
    {
      "collectionGroup": "conversations",
      "queryScope": "COLLECTION",
      "fields": [
        {
          "fieldPath": "projectid",
          "order": "ASCENDING"
        },
        {
          "fieldPath": "support_status",
          "order": "ASCENDING"
        },
        {
          "fieldPath": "timestamp",
          "order": "DESCENDING"
        }
      ]
    }
  ],
  "fieldOverrides": []
}
