{"v":"4.10.1","fr":80,"ip":0,"op":120,"w":180,"h":180,"nm":"合成 1","ddd":0,"assets":[],"layers":[{"ddd":0,"ind":1,"ty":4,"nm":"形状图层 2","sr":1,"ks":{"o":{"a":0,"k":100,"ix":11},"r":{"a":0,"k":0,"ix":10},"p":{"a":0,"k":[87.57,78.39000000000001,0],"ix":2},"a":{"a":0,"k":[0,0,0],"ix":1},"s":{"a":0,"k":[36,36,100],"ix":6}},"ao":0,"shapes":[{"ind":0,"ty":"sh","ix":1,"ks":{"a":0,"k":{"i":[[0,0],[0,0],[0,0]],"o":[[0,0],[0,0],[0,0]],"v":[[65,1.5],[-14,63],[-51.5,16]],"c":false},"ix":2},"nm":"路径 1","mn":"ADBE Vector Shape - Group","hd":false},{"ty":"tm","s":{"a":1,"k":[{"i":{"x":[0.885],"y":[0.441]},"o":{"x":[0.167],"y":[0.111]},"n":["0p885_0p441_0p167_0p111"],"t":58,"s":[100],"e":[0]},{"t":78}],"ix":1},"e":{"a":0,"k":100,"ix":2},"o":{"a":0,"k":0,"ix":3},"m":1,"ix":2,"nm":"修剪路径 1","mn":"ADBE Vector Filter - Trim","hd":false},{"ty":"st","c":{"a":0,"k":[0.9607843137254902,0.6509803921568628,0.13725490196078433,1],"ix":3},"o":{"a":0,"k":100,"ix":4},"w":{"a":0,"k":10,"ix":5},"lc":2,"lj":2,"nm":"描边 1","mn":"ADBE Vector Graphic - Stroke","hd":false}],"ip":0,"op":120,"st":0,"bm":0},{"ddd":0,"ind":2,"ty":4,"nm":"形状图层 1","sr":1,"ks":{"o":{"a":0,"k":100,"ix":11},"r":{"a":0,"k":0,"ix":10},"p":{"a":0,"k":[90,90,0],"ix":2},"a":{"a":0,"k":[0,0,0],"ix":1},"s":{"a":0,"k":[36,36,100],"ix":6}},"ao":0,"sy":[{"ty":0,"nm":"描边","c":{"a":0,"k":[1,0,0,1],"ix":2},"s":{"a":0,"k":5.7,"ix":3}}],"shapes":[{"d":3,"ty":"el","s":{"a":1,"k":[{"i":{"x":[0.667,0.667],"y":[1,1]},"o":{"x":[0.333,0.333],"y":[0,0]},"n":["0p667_1_0p333_0","0p667_1_0p333_0"],"t":40,"s":[240,240],"e":[0,0]},{"t":60}],"ix":2},"p":{"a":0,"k":[0,0],"ix":3},"nm":"椭圆路径 1","mn":"ADBE Vector Shape - Ellipse","hd":false},{"ty":"tm","s":{"a":1,"k":[{"i":{"x":[0.655],"y":[3.556]},"o":{"x":[0.318],"y":[-1.77]},"n":["0p655_3p556_0p318_-1p77"],"t":-14,"s":[100],"e":[100]},{"i":{"x":[0.755],"y":[0.569]},"o":{"x":[0.365],"y":[0.058]},"n":["0p755_0p569_0p365_0p058"],"t":0,"s":[100],"e":[0]},{"t":30}],"ix":1},"e":{"a":0,"k":100,"ix":2},"o":{"a":0,"k":0,"ix":3},"m":1,"ix":2,"nm":"修剪路径 1","mn":"ADBE Vector Filter - Trim","hd":false},{"ty":"st","c":{"a":0,"k":[0.9607843137254902,0.6509803921568628,0.13725490196078433,1],"ix":3},"o":{"a":1,"k":[{"i":{"x":[0.799],"y":[0.936]},"o":{"x":[0.21],"y":[0.675]},"n":["0p799_0p936_0p21_0p675"],"t":0,"s":[0],"e":[100]},{"i":{"x":[0.833],"y":[1]},"o":{"x":[0],"y":[0]},"n":["0p833_1_0_0"],"t":30,"s":[100],"e":[100]},{"i":{"x":[0.833],"y":[1]},"o":{"x":[0.167],"y":[0]},"n":["0p833_1_0p167_0"],"t":35,"s":[100],"e":[0]},{"t":55}],"ix":4},"w":{"a":0,"k":4,"ix":5},"lc":2,"lj":1,"ml":4,"nm":"描边 1","mn":"ADBE Vector Graphic - Stroke","hd":false}],"ip":0,"op":120,"st":0,"bm":0},{"ddd":0,"ind":3,"ty":4,"nm":"形状图层 3","sr":1,"ks":{"o":{"a":0,"k":100,"ix":11},"r":{"a":0,"k":0,"ix":10},"p":{"a":0,"k":[90,90,0],"ix":2},"a":{"a":0,"k":[0,0,0],"ix":1},"s":{"a":0,"k":[36,36,100],"ix":6}},"ao":0,"shapes":[{"d":1,"ty":"el","s":{"a":1,"k":[{"i":{"x":[0.606,0.606],"y":[0.969,0.969]},"o":{"x":[0.03,0.03],"y":[0.331,0.331]},"n":["0p606_0p969_0p03_0p331","0p606_0p969_0p03_0p331"],"t":35,"s":[0,0],"e":[260,260]},{"i":{"x":[0.833,0.833],"y":[1,1]},"o":{"x":[0,0],"y":[0,0]},"n":["0p833_1_0_0","0p833_1_0_0"],"t":55,"s":[260,260],"e":[230,230]},{"i":{"x":[0.833,0.833],"y":[1,1]},"o":{"x":[0.167,0.167],"y":[0,0]},"n":["0p833_1_0p167_0","0p833_1_0p167_0"],"t":58,"s":[230,230],"e":[240,240]},{"t":62}],"ix":2},"p":{"a":0,"k":[0,0],"ix":3},"nm":"椭圆路径 1","mn":"ADBE Vector Shape - Ellipse","hd":false},{"ty":"fl","c":{"a":0,"k":[0,0.3215686274509804,0.3254901960784314,1],"ix":4},"o":{"a":1,"k":[{"i":{"x":[0.733],"y":[0.928]},"o":{"x":[0.219],"y":[0.788]},"n":["0p733_0p928_0p219_0p788"],"t":35,"s":[0],"e":[100]},{"t":55}],"ix":5},"r":1,"nm":"填充 1","mn":"ADBE Vector Graphic - Fill","hd":false}],"ip":0,"op":120,"st":0,"bm":0}]}